[Trial],[loss] 
1,0.09263861342007422
2,0.09263533813315863
3,0.0852514811809581
4,0.07510896041732698
5,0.05074038724273385
6,0.0408847025638955
7,0.09407374469089155
8,0.12282208694949245
9,0.1086946390666627
10,0.15089138437967753
11,0.058910045503929226
12,0.05346902109792732
13,0.05606729892223158
14,0.053874932639837766
15,0.10183774369281512
16,0.14410559403391854
17,0.0699719768139771
18,0.07694325525573059
19,0.053595681452216055
20,0.07080480469239972
21,0.11150488669563297
22,0.11409630666564843
23,0.18866553924874258
24,0.16577719040038838
25,0.1038332125031028
26,0.09744818784719786
27,0.18680486565856108
28,0.0912263365921468
29,0.11171371372319251
30,0.10856750351525528
31,0.21315247703883328
32,0.235211557096929
33,0.1433144817770201
34,0.15412892734330466
35,0.10972121346672874
36,0.08981192950143835
37,0.05684770127902961
38,0.17129689453748462
39,0.11164164751246021
40,0.10707297150797569
41,0.1372678340609282
42,0.050851565943746076
43,0.216340968595008
44,0.10206692290264185
45,0.13186586512419082
46,0.1194591313989571
47,0.17756102083756584
48,0.05694154566740072
49,0.11409660130786382
50,0.0688940666426278
51,0.023522130257895856
52,0.16544625944622834
53,0.08769721163699537
54,0.0869880258404259
55,0.05043913104615837
56,0.18551283866507162
57,0.12292942902452701
58,0.07234676571226492
59,0.11546698376418986
60,0.08930694148978875
61,0.06955450418369487
62,0.18663939133938204
63,0.10952443434659069
64,0.1110408342190304
65,0.07287018315690313
66,0.07220386016588996
67,0.05160437498616485
68,0.08763941436197673
69,0.09192411225550841
70,0.08841647072821587
71,0.18942692953163917
72,0.035441956036512526
73,0.043094471095850975
74,0.057656364405407244
75,0.09698410333420086
76,0.056598289669524446
77,0.09744311911689067
78,0.06483610737557814
79,0.1403830893717095
80,0.042185236973059946
81,0.09179459831465525
82,0.19297623294527988
83,0.024020667290505917
84,0.1196360854595698
85,0.06388632595614711
86,0.10275434170467498
87,0.07029355218686048
88,0.03438447145044348
89,0.10530019818250243
90,0.032020316362440494
91,0.1399667852670135
92,0.1387395005471865
93,0.035336239113190754
94,0.05792307032321257
95,0.12777450789314063
96,0.11558779400079798
97,0.040845691613653944
98,0.06744934335273998
99,0.04624579534920126
100,0.05171591003043218
101,0.08666267050223103
102,0.06332529962448846
103,0.04350205626158515
104,0.06050621248452466
105,0.05356484597123635
106,0.03433920922384762
107,0.06172592867917992
108,0.059056666757730795
109,0.0789482968293525
110,0.06219860093309062
111,0.0538034055013161
112,0.04784766935489527
113,0.08672788513564718
114,0.12929177857857171
115,0.07427764464448743
116,0.13480379244486895
117,0.10813186464938787
118,0.06968761689495735
119,0.10044663786051158
120,0.06068551509602372
121,0.06839662378171539
122,0.04913320311464634
123,0.04578688946161597
124,0.04681049026384767
125,0.060327227079070296
126,0.07432408129174442
127,0.09179158173602132
128,0.10188769081928711
129,0.08629431620057099
130,0.03963644112677675
131,0.058272865009249296
132,0.04217480238792892
133,0.05747265313321021
134,0.06533085985493035
135,0.07644098327852904
136,0.062303079279343095
137,0.08247069013147007
138,0.04876648015255189
139,0.07565174963135661
140,0.050800707236738324
141,0.06573816206606056
142,0.07147913113226698
143,0.08126407136344242
144,0.0865816258485583
145,0.0576007755502173
146,0.0642314003203493
147,0.06746960365691476
148,0.059392770679437615
149,0.0906045683173575
150,0.06990839555544968
151,0.05608736092447589
152,0.07633880971078545
153,0.10098153030485829
154,0.05089266302989796
155,0.07235484781989772
156,0.03435145841438185
157,0.20872193002283562
158,0.03182804032854137
159,0.10302943551872644
160,0.06847783454313713
161,0.06663195651511267
162,0.0628466616974091
163,0.08068477056611155
164,0.05372361977689291
165,0.07951738747922972
166,0.06635713241871667
167,0.06825686942154406
168,0.0528394551131622
169,0.05538320420470068
170,0.07931937774595256
171,0.06596371242512647
172,0.05532390000165347
173,0.05952990534031242
174,0.058471736665176126
175,0.08435589552961695
176,0.0437053774685016
177,0.049781933614628585
178,0.08018321046754778
179,0.067766855211315
180,0.07116392641396233
181,0.07983566359758001
182,0.0613953180693924
183,0.05670315423689633
184,0.038620916374299784
185,0.05306390252986602
186,0.06796383940377952
187,0.046023335768456075
188,0.10537346801341826
189,0.11009176675950907
190,0.13042225354345605
191,0.08296287967789412
192,0.12457691252531608
193,0.0824756460906809
194,0.08248676831612872
195,0.08698586128473955
196,0.11318411495858732
197,0.06362661329366465
198,0.06359764791288589
199,0.05613713403187475
200,0.07695038166107024
201,0.07289365384255865
202,0.09008206277126193
203,0.13403552712445496
204,0.09729318109391177
205,0.1344660537417562
206,0.08766088259339593
207,0.10070454263514225
208,0.10330306231692563
209,0.09190684577778202
210,0.11744433137732692
211,0.06436717387620075
212,0.08714892958741652
213,0.10769970233016851
214,0.07082301366853276
215,0.0739107853289342
216,0.04167260929445451
217,0.03950124927036176
218,0.05411114704234527
219,0.0497057939344601
220,0.053986993738806985
221,0.08177835946344436
222,0.06911086218237526
223,0.07277192402611074
224,0.07620342254909676
225,0.07494434264295641
226,0.044609252626026566
227,0.09389027266473342
228,0.0954085754894575
229,0.08559899389371936
230,0.036514839484441605
231,0.062338096649513064
232,0.06524622713517901
233,0.039531926080030894
234,0.054452923773366815
235,0.06925739754323333
236,0.11231591168668566
237,0.06137078679305128
238,0.052124775250062975
239,0.08377217312609224
240,0.06392839605465875
241,0.059804825319321284
242,0.04511747610213782
243,0.08763326869951336
244,0.1275512292407407
245,0.04874425303377656
246,0.09632298837424255
247,0.07055127696012332
248,0.07342775153249008
249,0.07209269116231323
250,0.041806819687135184
251,0.10610149861803712
252,0.054894163717316084
253,0.10383695315994088
254,0.08033346311067165
255,0.07187475178433753
256,0.05884090414635779
257,0.07650457466345642
258,0.07423448052362162
259,0.07334579521176789
260,0.10443742166419566
261,0.058346698243067846
262,0.07569113236948169
263,0.10169220691512325
264,0.037672373240096674
265,0.06037090781826724
266,0.1194601801132328
267,0.09319535865559106
268,0.07582477776465676
269,0.09797446899370285
270,0.07687106889104228
271,0.051897271899663
272,0.1219478512512647
273,0.051199454022573865
274,0.09108233271856296
275,0.1544150915348428
276,0.16440610790904636
277,0.13951308226194023
278,0.07975763877434026
279,0.04938467562081058
280,0.09348455268929187
281,0.11044829119235813
282,0.08196846092715254
283,0.13097313116666273
284,0.138588595959166
285,0.060368785011726184
286,0.05579407025319521
287,0.09034943356326498
288,0.09545015001515465
289,0.0917099114041345
290,0.07366496258350315
291,0.06860320111185728
292,0.10013591066181778
293,0.12274495009304165
294,0.057220586639757466
295,0.07671762357666259
296,0.0925725312071337
297,0.08114786998266271
298,0.08830953581461037
299,0.0596892832322322
300,0.02945397438675874
301,0.11030628579432823
302,0.07261882173535607
303,0.08676672604177862
304,0.07275656519664872
305,0.08605796565273331
306,0.07594960828391524
307,0.07320739295440724
308,0.08368241610874581
309,0.09266621742502686
310,0.06306107148883941
311,0.12168855014952502
312,0.06302493486772615
313,0.05419593191957307
314,0.11101254041162682
315,0.1209356422647671
316,0.08335750828290182
317,0.11361862710542507
318,0.13389116878905366
319,0.07778784857644379
320,0.08319078095528924
321,0.05276623291674939
322,0.07752529018762579
323,0.04676869557029766
324,0.09213980343187184
325,0.049743869806027095
326,0.10552352612537992
327,0.11929803841567907
328,0.059873837712313756
329,0.09153022193133634
330,0.07351573288538796
331,0.055633489348185336
332,0.0983121577894528
333,0.11668709478132651
334,0.09132005993151181
335,0.08217644609922106
336,0.14330469245498012
337,0.07146866327506844
338,0.061688914663697844
339,0.06560376121225366
340,0.08450717331066304
341,0.07542536117645049
342,0.04499806348722191
343,0.058323972648834
344,0.0688259797654968
345,0.03270669771020965
346,0.19869416036593762
347,0.09501891061788346
348,0.1286218445391566
349,0.061905884459327334
350,0.08607086100857622
351,0.06390712419128071
352,0.06805247889153374
353,0.09726630988901233
354,0.1969768896858309
355,skip
356,skip
357,0.09270896971956437
358,0.057339245114506464
359,0.09235725161013102
360,0.1021710395981008
361,0.09925829429693793
362,0.09803143782257692
363,0.09803143782257692
364,0.08165451711413908
365,0.17067670946822305
366,0.06732833882203718
367,0.06146303699181634
368,0.08340549052329703
369,0.1132298573777319
370,0.13705052777929586
371,0.07607451447830417
372,0.12022066328131256
373,0.0606729062665692
374,0.0658353033460456
375,0.029253630281455667
376,0.11982714020880549
377,0.06421776606235295
378,0.04927464984363576
379,0.07210096739722499
380,0.07192672379078648
381,0.06799423103730332
382,0.06547676981399943
383,0.08818499606464697
384,0.08605790759075599
385,0.08340414100728807
386,0.07590630607073094
387,0.09643924101651669
388,0.09122347112834747
389,0.09619261586130785
390,0.07184575405593012
391,0.10878890935980082
392,0.06387350476109357
393,0.06205322221121143
394,0.09856789078638983
395,0.055635130356752924
396,0.10926880196190081
397,0.08012386180409255
398,0.11810136952706096
399,0.12200898546188815
400,0.1002070222860119
401,0.127279680419669
402,0.0824790912593752
403,0.07562729022622319
404,0.11678960652005145
405,0.11654381052272318
406,0.0899181968989216
407,0.15331714859269643
408,0.12917885078848476
409,0.20692994337514506
410,0.14000803508873944
411,0.12085187727213853
412,0.19681758267078966
413,0.21367744058010024
414,0.1842700715600451
415,0.1765868107182233
416,0.17063888303404784
417,0.1955121124606156
418,0.22033839859614981
419,0.20412761313930022
420,0.22178302460424598
421,0.14438312446516563
422,0.21185082845537595
423,0.16237558381993736
424,0.1930659591884813
425,0.14757596038707538
426,0.17301036645830173
427,0.17113729217413434
428,0.19605949911666165
429,0.22476677441255788
430,0.19467614297198835
431,0.18480100974319405
432,0.16612438500738888
433,0.20593581791728108
434,0.2254932875060691
435,0.14390525400571455
436,0.16327325281684513
437,0.19849929618792492
438,0.21277987348587182
439,0.18992473682201744
440,0.1762059841788705
441,0.2566993611827704
442,0.15032360676209863
443,0.20821551605258734
444,0.1710218908819555
445,0.37413370796405715
446,0.20363232304446774
447,0.49236297965732784
448,0.37426333641913867
449,0.2372400361097018
450,0.41831121822919204
451,0.33236168768222935
452,0.5160504198935236
453,0.19352045400124893
454,0.22936056101736904
455,0.23354120570454526
456,0.228521946609577
457,0.2720408086353435
458,0.20964845745265112
459,0.17360938744750057
460,0.28895622477039645
461,0.35623430962946745
462,0.3213228443220798
463,0.3667136980585951
464,0.21039313479627195
465,0.19380008727971337
466,0.2509426582475297
467,0.13940082958794509
468,0.24541737261960048
469,0.30424910806985045
470,0.24869071167310164
471,0.2858380916943169
472,0.31192057513447213
473,0.25593399518407767
474,0.25345862063281654
475,0.1853244820862677
476,0.1730873080903185
477,0.3231675904430559
478,0.23773084866849306
479,0.17284671800720067
480,0.1485111875307312
481,0.28202745976914173
482,0.165011745593384
483,0.2588849166910708
484,0.2365631544052025
485,0.33089084103808736
486,0.1677574515549308
487,0.07000363021347834
488,0.18909437092834896
489,0.2143466850257859
490,0.14214568513703107
491,0.23102260387058113
492,0.08160785206666954
493,0.18123501783230989
494,0.1451279402775379
495,0.10097748645016158
496,0.17709135795632797
497,0.14570127929580007
498,0.14562668049804048
499,0.1573943954202086
500,0.11952819384937527
501,0.11771194550424578
502,0.1910303991895283
503,0.15288415869169295
504,0.10132520848306162
505,0.09973038092305403
506,0.16588716149936353
507,0.15009465115030332
508,0.10653556940249727
509,0.17137830168806667
510,0.3833256963929098
511,0.1514088706111324
512,0.20557311340825016
513,0.1360315890540997
514,0.15391313793805578
515,0.12569414107582974
516,0.20549744790852378
517,0.12506338658870028
518,0.1696493580712474
519,0.2734906710244123
520,0.2940249825325146
521,0.10637013171236381
522,0.11550014557478905
523,0.17387099861811828
524,0.19859454323282658
525,0.14970416831542116
526,0.12964224087708834
527,0.16548642325285393
528,0.22974156218232905
529,0.1734150571556662
530,0.10889512741239009
531,0.13963196664249025
532,0.12527520810582798
533,0.11709160380043612
534,0.14438420376099922
535,0.18839532703653925
536,0.13382613064341892
537,0.12121303069882385
538,0.07149355817248652
539,0.12801140543079323
540,0.1231585971987133
541,0.14162717553602286
542,0.15354933133765017
543,0.11943428575784636
544,0.06888244683080648
545,0.09121474123989855
546,0.16666695955739583
547,0.13785945722994217
548,0.10201282538804303
549,0.15491250582948943
550,0.21463767724772612
551,0.2251056420269303
552,0.07615810616743895
553,0.0774195367979309
554,0.09578083298050152
555,0.055736620955976396
556,0.13664144932943306
557,0.07566730267241478
558,0.0631814144485829
559,0.10580584617750792
560,0.1943530182659304
561,0.09609959209654972
562,0.08197523975761416
563,0.055948313385951194
564,0.06802470498612193
565,0.15595709300715535
566,0.06098235861994206
567,0.06558208914360543
568,0.11468759647652858
569,0.1726751571869194
570,0.13265370759732611
571,0.09262890843339042
572,0.08651880567856417
573,0.0793981226625967
574,0.09804562270100438
575,0.10955939143913263
576,0.09690386764679867
577,0.06014904704138677
578,0.11149084590609207
579,0.09594636294101612
580,0.11079511338270231
581,0.07672975777522471
582,0.057905647103943185
583,0.08773208673694177
584,0.10429912538178533
585,0.09657237255557738
586,0.08695088622859333
587,0.08951143530621225
588,0.08279264607369265
589,0.0873216008213171
590,0.06195162862032359
591,0.09018019418057444
592,0.07087764279520353
593,0.10443478837160415
594,0.08471306938070464
595,0.08106497877707426
596,0.0729922346000473
597,0.12643871432744536
598,0.07406538078892415
599,0.16944345039984915
600,0.13361226803413456
601,0.07889838589774915
602,0.18027564491986067
603,0.13309888437777542
604,0.12550438768879635
605,0.1708869036497858
606,0.07995609236857731
607,0.09698376797236344
608,0.2326403804411192
609,0.137942500451684
610,0.07471205343949565
611,0.13610267015688757
612,0.0632486407491726
613,0.19078799173214891
614,0.10369847399527059
615,0.12813179324793397
616,0.07602855620759834
617,0.05532166134025777
618,0.193395205931178
619,0.15799199695327099
620,0.07520845676080415
621,0.12614700449019772
622,0.07652989031627064
623,0.07631666553655439
624,0.1219838352503508
625,0.15013054690610583
626,0.09052304098913758
627,0.14012018101488216
628,0.06497467852456004
629,0.13384362914295822
630,0.05627597441015091
631,0.072491787421642
632,0.06230050110467396
633,0.10245226370189453
634,0.1302736501364528
635,0.06259710990861601
636,0.12846028492080494
637,0.11870736993040935
638,0.07277338854579579
639,0.08617598248986014
640,0.12102322374346214
641,0.07794288134401064
642,0.15814767346441586
643,0.05266320608087434
644,0.11946841409109617
645,0.035133997254142776
646,0.07390274832846268
647,0.053578039625808246
648,0.0818345054416103
649,0.093518432811425
650,0.06666059865385728
651,0.055393617321355094
652,0.12415734620803416
653,0.035885086669143654
654,0.04744541761556285
655,0.08087084999521638
656,0.0948117493926255
657,0.05882003401018519
658,0.03946695060927337
659,0.07303826881783156
660,0.054120534124001994
661,0.055389680915055625
662,0.09034971608305374
663,0.07610482988614398
664,0.06686319571343562
665,0.064004753587765
666,0.04614949278288196
667,0.031242356300112004
668,0.13590187066798542
669,0.07891543938120006
670,0.14603832085057328
671,0.08894565142655837
672,0.04394158184964202
673,0.07427807523252163
674,0.11533922891673483
675,0.04977335803681874
676,0.14790282820704104
677,0.0654182820271945
678,0.08621118306544688
679,0.07492692315869941
680,0.09759384361012172
681,0.03739162130382809
682,0.06616668692926256
683,0.08213505902259022
684,0.07746123749683126
685,0.06531883005844698
686,0.07097467852010864
687,0.06583161844362524
688,0.08693328039964728
689,0.03973531565640613
690,0.0888014570520836
691,0.07878567896169357
692,0.05774996343180523
693,0.08338009508826233
694,0.029374418585901608
695,0.09542084802477374
696,0.08974067836134436
697,0.06268142235420347
698,0.04464107418739642
699,0.11917077178441114
700,0.1403310128003293
701,0.0892786090518147
702,0.04232170858777143
703,0.0965241616944385
704,0.10074791208301577
705,0.0852321916007423
706,0.15915677167470385
707,0.09596550052876308
708,0.09319007963438368
709,0.09713290549089834
710,0.03663488656024279
711,0.06218744188970549
712,0.07696362006177379
713,0.0853633506734213
714,0.08074565239680556
715,0.07858822057102331
716,0.0654032201198039
717,0.163917923797226
718,0.057465219643795425
719,0.17435320033966972
720,0.06076118908565821
721,0.09285599977622269
722,0.10598283056938733
723,0.10676332049553276
724,0.08597760231481048
725,0.06793952827057541
726,0.06463678108253681
727,0.05928450564049404
728,0.06434769732310198
729,0.039459853596852265
730,0.06283352818717673
731,0.12714715253007552
732,0.053615627958582476
733,0.042605748650125216
734,0.08158647679411433
735,0.05543592097512397
736,0.0928410026637291
737,0.12031698570315627
738,0.045065671723789766
739,0.10044134204492601
740,0.04674984100078687
741,0.10476165874226728
742,0.065724182960434
743,0.06667595615988735
744,0.029024578918919058
745,0.08023287388795193
746,0.10250671445746842
747,0.06536343113771599
748,0.06698689933768603
749,0.07009138772989316
750,0.06208827564484678
751,0.05385554971189025
752,0.05896545881161069
753,0.10342774276871204
754,0.1264912323204516
755,0.11188482104939286
756,0.1061469913140327
757,0.12864998514074819
758,0.12636962014442174
759,0.1210243887225517
760,0.1766554156665062
761,0.06321817009512738
762,0.09987199479479122
763,0.0783569410970309
764,0.1793426043514326
765,0.13709445132175319
766,0.09878994054448893
767,0.0658984250230585
768,0.047888546821916116
769,0.061918260385219824
770,0.06541642631017963
771,0.08455423808768768
772,0.08347328276744717
773,0.13654788064724607
774,0.10315299285543683
775,0.10876214637667382
776,0.11618185379909467
777,0.16943714085180508
778,0.13282171703507445
779,0.16460582538588261
780,0.15724222143827207
781,0.0999003206130569
782,0.12487569436166138
783,0.0594851640817463
784,0.1148865637213386
785,0.162841294773548
786,0.10897045430842207
787,0.12907814583126306
788,0.20858803151780042
789,0.113149807383301
790,0.14404898606960037
791,0.08039719047338367
792,0.1186748078990835
793,0.18522483673376358
794,0.14602391388288952
795,0.0900371088978286
796,0.18411701480718706
797,0.12893204539697567
798,0.20395758120951157
799,0.16585470335442662
800,0.23156990350627946
801,0.3006851387747762
802,0.15525745063695046
803,0.2157931448586069
804,0.13469200707116047
805,0.20664696893075052
806,0.18095959005472392
807,0.20504748941594136
808,0.17896731688841694
809,0.10373886088486343
810,0.30870969200178877
811,0.11762668133581358
812,0.17445911834145017
813,0.06920883524752613
814,0.10954155994048922
815,0.08347554897969829
816,0.2654019365237302
817,0.2261776585976498
818,0.1729539887013035
819,0.07594151620949376
820,0.23084250200523812
821,0.1263517456996433
822,0.07725805838567999
823,0.10885804197792931
824,0.169749468016567
825,0.1955369568395911
826,0.19688034451084674
827,0.1735093638538739
828,0.13134873812473372
829,0.1440844434568024
830,0.1365472410836018
831,0.11235446661675187
832,0.11368547561146257
833,0.09086588138120728
834,0.1149612016767534
835,0.0847774249713025
836,0.1936459487001446
837,0.20171261904323376
838,0.09002553660206725
839,0.13094940582632636
840,0.12875393987215614
841,0.1248646884142662
842,0.19579630977408025
843,0.1044719308919757
844,0.16968973405113025
845,0.12475681351420566
846,0.10270339749238169
847,0.09461084973371828
848,0.13693510507282441
849,0.14205221125032969
850,0.06357566903145297
851,0.1261856056212579
852,0.12487537717906423
853,0.10296481406328754
854,0.06802345960206242
855,0.12050826684757017
856,0.19253771109290282
857,0.11351005697481828
858,0.08795984967287729
859,0.1522383288683429
860,0.16669568759673994
861,0.1509404236492408
862,0.1610802373921741
863,0.19010509280949248
864,0.10761592347619064
865,0.07276366053597365
866,0.1938631728677717
867,0.10404573274822444
868,0.10531158664385758
869,0.07300763606512663
870,0.2180798245808881
871,0.2986816295711872
872,0.08651924453549101
873,0.334896900109015
874,0.10991022740871298
875,0.06823482948611782
876,0.10731029972640299
877,0.10752865495715704
878,0.07029681593900476
879,0.1732624025018175
880,0.07510191860669728
881,0.12864129326145127
882,0.14168252670388304
883,0.11127156420126585
884,0.07331629905479851
885,0.13287264260336104
886,0.10592731945078175
887,0.19287831831182797
888,0.2361806746119944
889,0.058303775521902405
890,0.1067975903888763
891,0.16311773884151243
892,0.1448856147467977
893,0.10468816089416505
894,0.23035086330601726
895,0.13658506090022604
896,0.1783307953271482
897,0.11976008006753061
898,0.09034547275998868
899,0.1805381795908581
900,0.17274572638806115
901,0.09251039275715006
902,0.059131912193778245
903,0.08898277136019588
904,0.14077274175533996
905,0.14193366522558484
906,0.1783682663652319
907,0.06957344236698047
908,0.16396068015914073
909,0.14711682513893537
910,0.16060304074326315
911,0.18032717877619459
912,0.1217993209017978
913,0.08735565067871585
914,0.15387242858045755
915,0.09606344564335581
916,0.09442296773967386
917,0.09597821676415963
918,0.11450610749097026
919,0.13498209029836777
920,0.07759489910292203
921,0.07710590830549303
922,0.11972684924205071
923,0.05554592092989228
924,0.13728600033825764
925,0.06704611573539761
926,0.05412381840057679
927,0.10670843469211834
928,0.06522680655632047
929,0.07694976698004977
930,0.1254050439669114
931,0.064009709248196
932,0.10235326900116745
933,0.15658481158436469
934,0.1394043089115523
935,0.09365937012207451
936,0.06812306218026773
937,0.06487913160763834
938,0.14161000687501257
939,0.09099312848163967
940,0.06803470937941203
941,0.08211358288500813
942,0.08335310658587448
943,0.07245933781338063
944,0.10865332171459466
945,0.06163153211314766
946,0.06704833552077777
947,0.10395329337016954
948,0.1692425764774517
949,0.0822751109890343
950,0.07232033872096987
951,0.10974652777379972
952,0.07138244726034534
953,0.07076466481352872
954,0.05847415165073203
955,0.06400819808533638
956,0.06838351187398466
957,0.0508907274045104
958,0.06836338748867396
959,0.06176770328579932
960,0.05008001844068551
961,0.06341820624025116
962,0.07151380646457846
963,0.051766274971562394
964,0.06041364118637616
965,0.04238258856876232
966,0.03829575335190595
967,0.07305936354813558
968,0.10664915947497514
969,0.06655207582081343
970,0.08986033383393481
971,0.05024627562626498
972,0.1452514865637908
973,0.038665298294874625
974,0.07837020875395438
975,0.09652473467753135
976,0.08679293531165677
977,0.06454036568061791
978,0.08956908610695478
979,0.06284351223293969
980,0.058789234696210765
981,0.04926238214849251
982,0.06136324157736386
983,0.06710599894226342
984,0.05682616237089847
985,0.08266703869143996
986,0.07823944799448099
987,0.05427672279427884
988,0.11625050866321641
989,0.09297649316256203
990,0.08486154446007871
991,0.050781447904362925
992,0.04490754871218106
993,0.06329899669012766
994,0.07582038817451243
995,0.07260546852495317
996,0.07744183997089986
997,0.10217844442481362
998,0.12728212890044402
999,0.08991839113683397
1000,0.07973115139184057
1001,0.11088378464956912
1002,0.11760525734695838
1003,0.07246630428457886
1004,0.0719246452629078
1005,0.09549523953839782
1006,0.06623784303537471
1007,0.0595691788288473
1008,0.05588017335644494
1009,0.15231912429510813
1010,0.12281299645997858
1011,0.08500061853229687
1012,0.16117407355196953
1013,0.11186536900506132
1014,0.036042412020317896
1015,0.0803491345230476
1016,0.08509043590309363
1017,0.04662983090721413
1018,0.13847055864201574
1019,0.05790043390256212
1020,0.06832678594627146
1021,0.11785215078695988
1022,0.08093176313575452
1023,0.07483171056503353
1024,0.024053676313657752
1025,0.083429367310593
1026,0.05800108958920403
1027,0.12438083500243939
1028,0.061889565422302485
1029,0.025242684310027585
1030,0.06917525762615057
1031,0.07196978379190894
1032,0.061316061415280655
1033,0.12294065927691482
1034,0.07637970239049373
1035,0.08992357893533255
1036,0.1036717803192652
1037,0.09583008341678816
1038,0.07692232305178595
1039,0.09320489539240788
1040,0.0676748247900321
1041,0.028914941163065526
1042,0.1380125670472408
1043,0.08554619127736664
1044,0.1608532370188601
1045,0.05778080271645303
1046,0.07043125769492227
1047,0.045391171811651934
1048,0.08707325750122316
1049,0.08687880103472638
1050,0.06372751392945418
1051,0.11491272930614169
1052,0.05907478809630089
1053,0.05538485066320591
1054,0.03748203128764006
1055,0.08466433270581136
1056,0.09534956656063387
1057,0.04847271624926853
1058,0.08489622396977409
1059,0.04155234675326339
1060,0.05729302276472355
1061,0.0731279719536465
1062,0.08285593298374364
1063,0.0761494751182868
1064,0.06142685217726263
1065,0.06905782947107525
1066,0.05688213386141968
1067,0.1175618808269349
1068,0.07707490299473638
1069,0.0644221736841739
1070,0.05631653171884036
1071,0.04632272250691464
1072,0.04740657140294137
1073,0.0734811436170191
1074,0.04539978719819953
1075,0.10007298406950099
1076,0.08176001099906047
1077,0.06292597888973604
1078,0.05467326840055133
1079,0.15923477556396368
1080,0.06742007014730539
1081,0.08923679260954118
1082,0.05419275677843015
1083,0.07534555427050652
1084,0.04695737472518098
1085,0.07437501693302445
1086,0.08625835960324088
1087,0.047964284653183205
1088,0.045179383192748473
1089,0.12230017944149572
1090,0.06941873957448924
1091,0.10905603344119748
1092,0.06586145549806516
1093,0.04797694239885365
1094,0.05752998499241899
1095,0.07324929271418755
1096,0.0872997396664397
1097,0.07008021790546697
1098,0.06839292800149027
1099,0.0942537597131497
1100,0.08519362687842119
1101,0.04985181979675028
1102,0.12650461242746183
1103,0.15466703625755118
1104,0.062032850856652784
1105,0.14591608761928532
1106,0.049980637366087446
1107,0.06095168763883659
1108,0.034564668286961406
1109,0.09894856224834653
1110,0.11745641533483381
1111,0.10517424238656596
1112,0.08248359905387401
1113,0.05441868103624652
1114,0.06529679099074495
1115,0.07148192941239777
1116,0.07250384690665455
1117,0.06364423075448146
1118,0.10286589546399288
1119,0.1233737266237661
1120,0.134901586527767
1121,0.1591208864752073
1122,0.08351538923914886
1123,0.09115406103637878
1124,0.056160128994617455
1125,0.08860385522628735
1126,0.05336405684192152
1127,0.04362857227201302
1128,0.03995450901213447
1129,0.08660978854945241
1130,0.06473661974276188
1131,0.09414280559719539
1132,0.04523031328334228
1133,0.04770150778023186
1134,0.1233134595944009
1135,0.04881338151877515
1136,0.06893417117336056
1137,0.11192362809005581
1138,0.12728485063531042
1139,0.07214153006097497
1140,0.07051654821339332
1141,0.11431184149364752
1142,0.10506768025232008
1143,0.06340758178561973
1144,0.10862662833645788
1145,0.11694287013241807
1146,0.20589891234864852
1147,0.11311308124677417
1148,0.051821773501268
1149,0.05372342550092997
1150,0.09292185543028798
1151,0.1870726667408365
1152,0.036325157531115274
1153,0.08785257648707619
1154,0.07263898037954897
1155,0.0651639943746778
1156,0.07364049882762023
1157,0.19723124433898623
1158,0.056818411692581415
1159,0.06770962730362308
1160,0.10764591134700975
1161,0.049030819059700435
1162,0.17952446159875238
1163,0.0709885158363094
1164,0.060928530822123725
1165,0.08370324592774012
1166,0.05853972233572534
1167,0.14339975820230488
1168,0.048701685785404604
1169,0.053540895882195856
1170,0.07388268200122974
1171,0.07690739090199604
1172,0.15164870279697357
1173,0.07564252680960544
1174,0.10295453113075934
1175,0.07191903225248832
1176,0.04647564008463001
1177,0.10638380918507752
1178,0.03306739200737132
1179,0.07894698248325
1180,0.06832524888476625
1181,0.06753824215570106
1182,0.0743978190398991
1183,0.09238316178794023
1184,0.12985577290194836
1185,0.043609750592693945
1186,0.10068889510682705
1187,0.05415849220966753
1188,0.04498404642782408
1189,0.06828537948743905
1190,0.047098850548838986
1191,0.06614066790922721
1192,0.095263446677293
1193,0.07044210832174294
1194,0.057709504146496164
1195,0.0651430392592288
1196,0.07028505355487533
1197,0.08474137362346854
1198,0.08262674868905698
1199,0.09524325088503287
1200,0.06599500852802818
1201,0.05855276975293779
1202,0.1110977018856053
1203,0.04406309921548639
1204,0.10934438931622857
1205,0.05883998593011154
1206,0.08340683355743457
1207,0.09864192799769674
1208,0.14265052519386962
1209,0.05810363955460978
1210,0.0988256632530304
1211,0.054704063965648544
1212,0.05356859633534408
1213,0.10472797618030984
1214,0.1663351782891861
1215,0.04810175294470476
1216,0.04087601759460666
1217,0.0982663747856683
1218,0.05939850804057827
1219,0.043061333332293825
1220,0.10669272148557199
1221,0.055077748206615026
1222,0.11074380510496246
1223,0.045922176365100584
1224,0.07025510866104878
1225,0.0837446236256817
1226,0.06301388148541899
1227,0.07173245590315855
1228,0.03772068112419904
1229,0.037474839180488634
1230,0.054654187844185846
1231,0.121766214829767
1232,0.05811845621949915
1233,0.12130951787268394
1234,0.060161365851650155
1235,0.04077095199653466
1236,0.07369436621039199
1237,0.06842318259108042
1238,0.07700424088253147
1239,0.10691300508876754
1240,0.08297212642814039
1241,0.07145783941227318
1242,0.055159287685943845
1243,0.08791876929004516
1244,0.06911596248164341
1245,0.0993294230491966
1246,0.05326851897345063
1247,0.08441982835847625
1248,0.05132704144935287
1249,0.08368264521037212
1250,0.17328962399511535
1251,0.0811069644488614
1252,0.17512427891344876
1253,0.20966308642291215
1254,0.11221683196656579
1255,0.08433158578824212
1256,0.19057196234256868
1257,0.25136069479434237
1258,0.23478981841788818
1259,0.13830353109094498
1260,0.2562651857382136
1261,0.10523355888184513
1262,0.16610502984579673
1263,0.18100807774008876
1264,0.2516571243920362
1265,0.15125874651337262
1266,0.20933337487591802
1267,0.10565906167228022
1268,0.09940747863239115
1269,0.08897815719379334
1270,0.10860962698918818
1271,0.107324731969667
1272,0.13137233667218687
1273,0.12161504356938076
1274,0.20397481821611357
1275,0.10279147980967789
1276,0.2785269190008609
1277,0.08783368439552823
1278,0.24240380126746072
1279,0.2798680922135453
1280,0.16429887207486338
1281,0.08811254196556119
1282,0.14083206439077528
1283,0.06605654808970611
1284,0.160857582054836
1285,0.08428295837592643
1286,0.20748313986812875
1287,0.04695595293885944
1288,0.17215192739650684
1289,0.053337488456137346
1290,0.1319920087775746
1291,0.05400478120166337
1292,0.20134892654225803
1293,0.09354774845076826
1294,0.15242927926225042
1295,0.1963391190172198
1296,0.18590862711597372
1297,0.18649381756924377
1298,0.15526757840325217
1299,0.1471697851282867
1300,0.1183468247046858
1301,0.13718832304595555
1302,0.1234813858422484
1303,0.1748239327868639
1304,0.06863314764980046
1305,0.1333963097470732
1306,0.1669031474501458
1307,0.07513501488524878
1308,0.16219605178344673
1309,0.10644118442334714
1310,0.12120989315441837
1311,0.11659610505763397
1312,0.08379753824361239
1313,0.13802347378318874
1314,0.10928420348251393
1315,0.10352506541436418
1316,0.13207055958929048
1317,0.13340861442559956
1318,0.03843415419891719
1319,0.10827073001060555
1320,0.12389390514338093
1321,0.08007990458091195
1322,0.0745513801447142
1323,0.08068105501063688
1324,0.08643184575205136
1325,0.055924848613089384
1326,0.10583712303664633
1327,0.03319679971753405
1328,0.16706867536014666
1329,0.17036289541332278
1330,0.1008167730085645
1331,0.16152735427806716
1332,0.10139549705458255
1333,0.07272761877498993
1334,0.03236658640650663
1335,0.05124219862548906
1336,0.1538923001573704
1337,0.04943319923581916
1338,0.1125147918200006
1339,0.05684952497076497
1340,0.1766783003765771
1341,0.09771597271272482
1342,0.2190541464111819
1343,0.11240724526957024
1344,0.09778190289491402
1345,0.038258262991941634
1346,0.132702566911764
1347,0.09908789144437195
1348,0.07651627340906574
1349,0.11669878708835134
1350,0.1005406115665554
1351,0.20516230086750908
1352,0.04032051306946822
1353,0.06643436564607763
1354,0.1336899722825288
1355,0.07102543552109562
1356,0.10287486324284667
1357,0.03119680931914864
1358,0.14506627693931443
1359,0.14988477642289572
1360,0.07192040644879545
1361,0.06246380562347824
1362,0.049923745776680434
1363,0.12960896446834874
1364,0.14823686785707613
1365,0.11137766890158597
1366,0.0448651855122688
1367,0.04015659111762699
1368,0.0305324448257222
1369,0.03802022208445673
1370,0.09729914538980353
1371,0.06112457819583329
1372,0.099578120893086
1373,0.10577264416719036
1374,0.14866208141436993
1375,0.18317677915008365
1376,0.12079502887415612
1377,0.09400958345533435
1378,0.051113613046372824
1379,0.10144795532078893
1380,0.20226886323647067
1381,0.04620902565331633
1382,0.06638788215657829
1383,0.046411199053534406
1384,0.1482832109806228
1385,0.10253585177871397
1386,0.10766638946800051
1387,0.08788869948381961
1388,0.09051160798537425
1389,0.08432851022924263
1390,0.06574395825818041
1391,0.12371885664707834
1392,0.0978778275601143
1393,0.07445501759808881
1394,0.09301446875106205
1395,0.09710229698211753
1396,0.07827083704068413
1397,0.07717395867308427
1398,0.04194096697776648
1399,0.06395461189730849
1400,0.04565629829642311
1401,0.1258860983789058
1402,0.06378313213546888
1403,0.04691933730471909
1404,0.06510896115200386
1405,0.07667440177165202
1406,0.11250682102432975
1407,0.05702657245696794
1408,0.07949359160016307
1409,0.1099501340013434
1410,0.07420687859101079
1411,0.07163810293039495
1412,0.07462228974402561
1413,0.051213110047586774
1414,0.07292508277231495
1415,0.12148393017775076
1416,0.0648346002209098
1417,0.07685266195761546
1418,0.04556578949641176
1419,0.050128664279910064
1420,0.14578770888901219
1421,0.1033660187567435
1422,0.06552393739053136
1423,0.0521033489647165
1424,0.0755968039845869
1425,0.10537165411241967
1426,0.10036051397195143
1427,0.08167063868580371
1428,0.0453455256684919
1429,0.1308862898551673
1430,0.08546134712568364
1431,0.11797297969567834
1432,0.07773612196181451
1433,0.11403913496884291
1434,0.07301233707207316
1435,0.1344858253551863
1436,0.06488870549074702
1437,0.10308670378109126
1438,0.08158013541924346
1439,0.09999503077557255
1440,0.07306000441248538
1441,0.1073688312490252
1442,0.18971242279784942
1443,0.08932812453063817
1444,0.1555982670417352
1445,0.1943550049167571
1446,0.12036068473146092
1447,0.11210217398097135
1448,0.1130684898064966
1449,0.17559160601337523
1450,0.1921644879578865
1451,0.2596797277239478
1452,0.14277864733484333
1453,0.18201752902472865
1454,0.1677477060856898
1455,0.09958644996599704
1456,0.120786004227332
1457,0.13798983683595398
1458,0.16188225990452407
1459,0.11649892548272964
1460,0.11376871663353011
1461,0.11446419736223772
1462,0.10485504226035895
1463,0.12263157106804659
1464,0.13261498783256076
1465,0.1445265937796645
1466,0.15126914517634438
1467,0.11542347116627034
1468,0.20840215400498593
1469,0.2377474321049352
1470,0.10496941312831845
1471,0.1468156990698329
1472,0.1294016796614495
1473,0.14457908702977995
1474,0.1643685527934625
1475,0.22190838125593862
1476,0.18093648649762578
1477,0.18773315082442057
1478,0.1510161646381369
1479,0.17225047907385813
1480,0.09439274183061244
1481,0.18032366610882464
1482,0.21778303262448562
1483,0.1917524704389403
1484,0.1422237778877061
1485,0.11919745821963956
1486,0.17299172714869065
1487,0.12296220472746226
1488,0.13644394323280482
1489,0.2253159328551814
1490,0.19063804736479714
1491,0.16523282461008237
1492,0.15111031397018682
1493,0.16134678204782682
1494,0.13088710059451505
1495,0.1372063344876421
1496,0.25136495800780184
1497,0.2186354091870114
1498,0.29704761795988416
1499,0.17881042521179127
1500,0.1729887493947243
1501,0.16579683988822744
1502,0.1492179900490007
1503,0.21041497264834236
1504,0.2588976391977119
1505,0.16305093713067675
1506,0.2906322300469567
1507,0.14542053754283535
1508,0.15684997527366243
1509,0.1607333892374166
1510,0.15520380652663096
1511,0.13698926799528402
1512,0.11042518041150573
1513,0.16800266374358352
1514,0.22190480361365342
1515,0.15415514837181968
1516,0.10766268688493089
1517,0.06819282068788314
1518,0.21711428467988267
1519,0.12447714223372332
1520,0.13298759106570568
1521,0.11091112420611514
1522,0.17720044718132133
1523,0.14676742352272157
1524,0.11550784482385386
1525,0.07280078689549743
1526,0.0941195700381273
1527,0.11587876108855982
1528,0.15102547260944804
1529,0.08965849850079516
1530,0.11725899911913946
1531,0.1134079158427273
1532,0.1385475403738511
1533,0.2367400385244933
1534,0.07314761555149944
1535,0.13049022009412536
1536,0.18726946172741743
1537,0.19446298799519304
1538,0.1855090123654378
1539,0.09753963781227865
1540,0.19358060915678516
1541,0.061707494557403014
1542,0.07069883998041783
1543,0.07538947915177048
1544,0.14935595166694904
1545,0.11586577615070011
1546,0.0876041451625538
1547,0.10913101791547021
1548,0.16229099863166527
1549,0.23962698651120257
1550,0.11990398203058956
1551,0.13618283157052583
1552,0.0903058615693762
1553,0.06093436053956815
1554,0.18233846232874
1555,0.16162352175932673
1556,0.12302837470052189
1557,0.10709726933796487
1558,0.143573507636576
1559,0.1127540828406768
1560,0.14885351254549734
1561,0.12297935838323476
1562,0.11926489098129052
1563,0.11466077688551438
1564,0.12109453329840245
1565,0.1418904590568123
1566,0.10038267171491261
1567,0.13069466329840237
1568,0.07913831595748165
1569,0.10058077806224872
1570,0.07909621115033154
1571,0.05791664333386621
1572,0.11327437960714595
1573,0.11626172682111251
1574,0.08206978048519901
1575,0.1902351651027253
1576,0.06131410893633875
1577,0.14366556438685263
1578,0.06041204040579342
1579,0.07156245699434946
1580,0.06502317005102617
1581,0.1473458654667948
1582,0.09672244028421768
1583,0.11750024863731016
1584,0.13137202284489555
1585,0.05983434541476866
1586,0.12012094284326567
1587,0.07807044680402501
1588,0.07339530222521266
1589,0.12086694966236475
1590,0.09617912561017526
1591,skip
1592,0.09678757095113923
1593,0.10928767503771335
1594,0.08402345061813803
1595,0.05642441137328278
1596,0.09042732179492649
1597,0.09693233424219333
1598,0.1236355145469844
1599,0.04201317200303629
1600,0.057250773153367476
1601,0.07718864556239571
1602,0.06344602460017848
1603,0.07376181804640375
1604,0.0634428253234255
1605,0.06014470179099431
1606,0.07654387748428726
1607,0.06183234380456373
1608,0.10429202593078321
1609,0.10356511976062237
1610,0.062381819680009006
1611,0.06509862446974461
1612,0.09402335504350158
1613,skip
1614,0.10071094312559287
1615,0.08194252046709669
1616,0.09112269360703637
1617,0.06961063592192766
1618,0.05013880171607645
1619,0.094712626989464
1620,0.07997168918654358
1621,0.17525517271412025
1622,0.08615368900101489
1623,0.06130026887921103
1624,0.045083653518515704
1625,0.10251687131825431
1626,0.08412592538446079
1627,0.04175537129436437
1628,0.08319823899570516
1629,0.09459113825300833
1630,0.11715128735213219
1631,0.0526850398120686
1632,0.05697668665559225
1633,0.09937742884933533
1634,0.16411552627115708
1635,0.132235300361905
1636,0.07887766585947559
1637,0.23829826553875527
1638,skip
1639,skip
1640,skip
1641,skip
1642,0.06985231639395367
1643,0.17230449850060348
1644,0.1417240120911382
1645,0.09424108142861504
1646,0.10095857260789458
1647,0.2312083656763484
1648,0.16973556263218287
1649,0.08220239285043804
1650,0.07376168813960751
1651,0.06375849432427368
1652,0.049722773040386754
1653,0.05594578372324636
1654,0.07723953777680154
1655,0.05993846495051879
1656,0.07873374104380779
1657,0.07330923804246098
1658,0.06847452297862593
1659,0.07378528556366534
1660,0.07733682962486871
1661,0.17648966453885265
1662,0.09186321090114712
1663,0.08816431108919054
1664,0.10204188223963327
1665,0.08280317046455465
1666,0.07894979527316263
1667,0.14680161152963153
1668,0.0780485080096236
1669,0.056095098344202406
1670,0.06188614207495468
1671,0.06681650238110445
1672,0.08310189317300293
1673,0.061299955789159144
1674,0.07392826637051092
1675,0.05766060191110076
1676,0.12323901853342815
1677,0.13577371296258886
1678,0.06310529987478425
1679,0.05646355698501666
1680,0.05115430466837714
1681,0.09889029722946976
1682,0.09060979699811729
1683,0.1107664402906948
1684,0.07164767675919485
1685,0.07755923337659888
1686,0.1388132076540702
1687,0.05829054288984657
1688,0.038719889924235466
1689,0.0897541726794043
1690,0.10214612882691933
1691,0.06955659826128015
1692,0.07490570171249125
1693,0.05595933148247361
1694,0.07486695799298887
1695,0.09701834845424123
1696,0.16618362226040373
1697,0.10230709750222572
1698,0.08079246319357834
1699,0.08684002815707212
1700,0.07020246949975487
1701,0.05980397228907492
1702,0.06547945677942697
1703,0.0637975486776103
1704,0.06422893717854139
1705,0.06980190212111834
1706,0.05261904669111548
1707,0.05556475985369345
1708,0.14590843863544686
1709,0.07830613965774992
1710,0.0679675917112842
1711,0.08086156652860992
1712,0.06988889336862295
1713,0.05505831405592454
1714,0.1230925487300357
1715,0.030261298091708206
1716,0.044244616746967454
1717,0.02791723421899389
1718,0.056873409987351776
1719,0.07130510975669026
1720,0.06994130414480826
1721,0.05769135620758694
1722,0.12539547302500648
1723,0.06346172964601653
1724,0.09505596478766952
1725,0.07087336003792624
1726,0.10250035681709782
1727,0.11593136883153768
1728,0.08353611533968915
1729,0.0606562087875127
1730,0.07028321471027071
1731,0.06494248666976991
1732,0.06644493908319037
1733,0.10144455740323426
1734,0.08833914118534839
1735,0.1659237127558776
1736,0.07537108073797219
1737,0.06723867896976503
1738,0.0662044171775155
1739,0.14476933348350252
1740,0.04809330063107735
1741,0.08270508049078469
1742,0.11836669573210645
1743,0.10474169324754347
1744,0.0634692498586271
1745,0.06385137554156205
1746,0.09378888925240397
1747,0.0834517277037902
1748,0.08041787217046727
1749,0.06903403203155482
1750,0.062215419137086586
1751,0.06648566804106136
1752,0.05713339731186944
1753,0.06746998167689107
1754,0.0930751303284997
1755,0.08938262071874516
1756,0.077297209523398
1757,0.09309628207779973
1758,0.09215210093821741
1759,0.09969344127695014
1760,0.07553482475653257
1761,0.10339931024417257
1762,0.12462429343510946
1763,0.07222918459469348
1764,0.05632244888079417
1765,0.073840513403453
1766,0.10326568669354123
1767,0.05347148836001459
1768,0.09676750558206897
1769,0.10944672552269678
1770,0.07990197784948971
1771,0.18657253162472173
1772,0.09409134557549728
1773,0.05242669446795273
1774,0.09915340918785866
1775,0.04951652811996694
1776,0.09281411489731423
1777,0.07713797966327735
1778,0.08030729025076516
1779,0.09012169063918263
1780,0.056103273544172313
1781,0.07771935787775826
1782,0.04921669444936224
1783,0.08905587106277106
1784,0.058555264529811454
1785,0.06915772939298205
1786,0.11892747243616911
1787,0.2805417757602899
1788,0.0902712922087016
1789,0.07393975227300517
1790,0.05917611886565876
1791,0.04759362899133066
1792,0.0637180124277836
1793,0.1133570721843946
1794,0.16004044139109883
1795,0.07076031404070256
1796,0.06620058801539715
1797,0.05946218476275263
1798,0.059472142181520284
1799,0.10825620296314349
1800,0.08313728356615656
1801,0.1373429212447059
1802,0.12002746909635816
1803,0.10662294967211292
1804,0.0766134080029734
1805,0.09731749869462067
1806,0.10630080636421599
1807,0.22921381959399423
1808,0.0667335392107986
1809,0.2502479331867505
1810,0.21253899319285155
1811,0.11074161103303085
1812,0.17829010849444787
1813,0.14025545492815114
1814,0.061032263308236835
1815,0.13082484383394857
1816,0.1418610123417233
1817,0.1688253350186656
1818,0.27897990944437484
1819,0.09228507293134294
1820,0.07014872192342701
1821,0.23358666623108265
1822,0.10318738479233701
1823,0.11885718293029485
1824,0.16880470753705173
1825,0.14268134313404052
1826,0.13453485728652442
1827,0.17175558604584557
1828,0.086075144814626
1829,0.19303827567335574
1830,0.23167021399707838
1831,0.19025354904885863
1832,0.25293534061462325
1833,0.21146817469396068
1834,0.29093277363212006
1835,0.2749988462579348
1836,0.3293533262944842
1837,0.15305227264215335
1838,0.20710024960141618
1839,0.41978232205271204
1840,0.08076287005441023
1841,0.16547319482359807
1842,0.26067862611704407
1843,0.1715928496481068
1844,0.29348678918497684
1845,0.14261780385346196
1846,0.2875176360802456
1847,0.25153447843950544
1848,0.22707623197528337
1849,0.23328565929344422
1850,0.08379841143808234
1851,0.08470066292444658
1852,0.20730657725589235
1853,0.09010113599640385
1854,0.18295457990958
1855,0.09613718066888308
1856,0.17674599489379125
1857,0.23371562313731545
1858,0.07931085421655394
1859,0.16289811647630256
1860,0.23361319002116618
1861,0.5200208719329362
1862,0.094869165809449
1863,0.18480503885141866
1864,0.23141922826405253
1865,0.2213306811066307
1866,0.1937527314687839
1867,0.30656144377532546
1868,0.24617859068189318
1869,0.174780544076905
1870,0.24510570553884992
1871,0.23275881802034432
1872,0.21565696486389582
1873,0.1957496147198068
1874,0.49925565570726327
1875,0.21065007872957017
1876,0.20641563229241136
1877,0.42422391143202154
1878,0.482789923570439
1879,0.3753825501799043
1880,0.22585934495743307
1881,0.4650562846719918
1882,0.5342637198586456
1883,0.3727479980203723
1884,0.43847620814141375
1885,0.287248634044053
1886,0.6752686281005913
1887,0.5594006892548672
1888,0.42077692512684656
1889,0.6560697947081522
1890,0.3034485271680395
1891,0.1675595206367713
1892,0.34054876829992187
1893,0.4873103427354435
1894,0.36635146481001285
1895,0.35576463333583375
1896,0.3960961402295477
1897,0.6188949198465086
1898,0.48194139677458225
1899,0.7219886035081119
1900,0.40146084860257397
1901,0.19264395443650306
1902,0.9584182827730238
1903,0.6345573652468718
1904,0.5053505424193789
1905,0.6249487079905547
1906,0.5422934175010725
1907,0.30631709677431146
1908,0.20490092568499368
1909,0.49921014818818954
1910,0.3158788757333726
1911,0.20445188663510655
1912,0.15072170159673454
1913,0.15555349920153622
1914,0.17174801116741178
1915,0.08368924264349804
1916,0.2517007023044022
1917,0.19585911403942008
1918,0.19446805572420778
1919,0.3905165187468244
1920,0.20143608503503938
1921,0.41351659034532157
1922,0.292150324466783
1923,0.1436667401910584
1924,0.14483452305811198
1925,0.19711022871157233
1926,0.07660632306114294
1927,0.32576909722578606
1928,0.19994623711865553
1929,0.11861517667453071
1930,0.19270474403774737
1931,0.06835519558005176
1932,0.0929445795355266
1933,0.1374942995126034
1934,0.06643898094030433
1935,0.07521636937176465
1936,0.16832366824422154
1937,0.06588888993561262
1938,0.10061190254166223
1939,0.09684533979163762
1940,0.07178603221137057
1941,0.09953890233478578
1942,0.0770336707715811
1943,0.08596115779404388
1944,0.06711712194044485
1945,0.18132632053190842
1946,0.07060027679546997
1947,0.10703019503382788
1948,0.0882727303001986
1949,0.0728871725943405
1950,0.15664564638970088
1951,0.13621674260991853
1952,0.08579665731619608
1953,0.08968592336552121
1954,0.1650918422755328
1955,0.08293932023358924
1956,0.06547521281466287
1957,0.07625444611058455
1958,0.1777642702984192
1959,0.06163976613672332
1960,0.06980938197325366
1961,0.04763405506875637
1962,0.0700570135224426
1963,0.09614865252232613
1964,0.08811517508606442
1965,0.08347703464743393
1966,0.0872861190758686
1967,skip
1968,skip
1969,0.09974918365740318
1970,0.06311847582768661
1971,0.03380870143158741
1972,0.04386680071009161
1973,0.05871036197413715
1974,0.1365415657005101
1975,0.06833352790196957
1976,0.09172201524537461
1977,0.07670035164063273
1978,0.058498877667480645
1979,0.07758789066484338
1980,0.1094459660669133
1981,0.08192299605787581
1982,0.05703776771336003
1983,0.05692640700630682
1984,skip
1985,0.0870742999283544
1986,0.05245007282930234
1987,0.05276269975786536
1988,0.0819062618388964
1989,0.06492060021225451
1990,0.0424371073295285
1991,0.07572722864518376
1992,0.0771712645658983
1993,0.056079056314605205
1994,0.08617971811315148
1995,0.11240052348730248
1996,0.04993115073833661
1997,0.03621632446256564
1998,0.12370313908504792
1999,0.03548949221348497
2000,0.1288851552015041
2001,0.06660861057809751
2002,0.050460771601726746
2003,0.14775557080773127
2004,0.08249398092351228
2005,0.053167154995383256
2006,0.06836633382750916
2007,0.04300194756685235
2008,0.06929937357606192
2009,0.08721539069946793
2010,0.11999806144735176
2011,0.08573895026908081
2012,0.09350989036211704
2013,0.07386232785885681
2014,0.06415642911429968
2015,0.0901072652207397
2016,0.060448705081181414
2017,0.1433097405730566
2018,0.0865974785903614
2019,0.08460757412347884
2020,0.0930422349636531
2021,0.07622298248079643
2022,0.0735899255133356
2023,0.05972881953273545
2024,0.07029339946998962
2025,0.1583070570357232
2026,0.12894735370499502
2027,0.048588527208000644
2028,0.09084102558566752
2029,0.07777626151486718
2030,0.10906910870971928
2031,0.09469733377375335
2032,0.06037112272570553
2033,0.16576487557219857
2034,0.06092356960381833
2035,0.11328855525377096
2036,0.06803591100293119
2037,0.19186722544972717
2038,0.18612838318510921
2039,0.14389740896491773
2040,0.1440277376345485
2041,0.09408972173499569
2042,0.08160871133986204
2043,0.11004792891984906
2044,0.11247875090413546
2045,0.07897784529746955
2046,0.14759646564194892
2047,0.11474417471885102
2048,0.18475384185740204
2049,0.13452851149339798
2050,0.1328538086957011
2051,0.09749961610913299
2052,0.1823120949939666
2053,0.14841159238349935
2054,0.17099550528656146
2055,0.15378051118561123
2056,0.19432014762630748
2057,0.07363418573070775
2058,0.08901942160287662
2059,0.07735428305775452
2060,0.08684322779870918
2061,0.1003281200488131
2062,0.10513015675694956
2063,0.17064522899261608
2064,0.178381096267855
2065,0.16026719677082565
2066,0.05681185080359178
2067,0.18118319713668832
2068,0.1180859547048767
2069,0.08924167483013683
2070,0.08808228035795276
2071,0.04439105579617628
2072,0.0834154131895865
2073,0.06363055439530296
2074,0.13552341683656793
2075,0.09865098108573811
2076,0.10741167383096646
2077,0.13360241164695547
2078,0.07712103969524643
2079,0.08733865806322198
2080,0.11051307252874973
2081,0.08811526375107802
2082,0.2644615371701678
2083,0.07294030856320287
2084,0.11193547046708995
2085,0.053342504868510415
2086,0.15051586087948596
2087,0.08693865635687036
2088,0.18012931756397454
2089,0.09299454487117007
2090,0.15160733237807655
2091,0.06425555838079906
2092,0.20447657510293532
2093,0.13178217110225937
2094,0.06664505647967683
2095,0.12459816452011467
2096,0.09287752305039754
2097,0.06599780214107677
2098,0.06272874398626391
2099,0.1339366388821602
2100,0.13204007549064578
2101,0.13511720174767808
2102,0.08217226282830997
2103,0.060807141539450695
2104,0.09157130780648229
2105,0.12488008823614084
2106,0.07360495780908524
2107,0.2114664858393328
2108,0.1467550851852157
2109,0.05799255439721998
2110,0.14957648107278665
2111,0.04941035387778032
2112,0.1270124208831135
2113,0.0448028350747713
2114,0.0491144522677319
2115,0.047537172953440635
2116,0.1223346285211765
2117,0.085617685274086
2118,0.09099706241977137
2119,0.07734703026522327
2120,0.05311184080345372
2121,0.05773613820601226
2122,0.04376751461493542
2123,0.038883685437502695
2124,0.05488228870024842
2125,0.04011659887855459
2126,0.033591711816530014
2127,0.04761498639457613
2128,0.07890356921779978
2129,0.07459202976886864
2130,0.10102062183255504
2131,0.09554606212362113
2132,0.09156883705296208
2133,0.13291083887686989
2134,0.10768726539801289
2135,0.039099968933141174
2136,0.12892398496994403
2137,0.06570514272743821
2138,0.039392068840573766
2139,0.082622882488895
2140,0.10957006482521799
2141,0.05267010015018185
2142,0.050318906702728934
2143,0.09488326929513019
2144,0.04317772744439421
2145,0.04462346343105117
2146,0.07125637090437321
2147,0.0810363203104456
2148,0.04764683148722241
2149,0.07408626743768512
2150,0.09456966449196035
2151,0.05379082238973359
2152,0.17190525186875372
2153,0.04605749304112723
2154,0.03471434038606753
2155,0.08337900281438176
2156,0.04690787906427764
2157,0.11433543517217298
2158,0.0856290352076133
2159,0.0649505601804215
2160,0.08039683591429342
2161,0.052037399906362025
2162,0.07177701512493498
2163,0.05725100654001293
2164,0.052791768289639704
2165,0.11754385523449241
2166,0.0971663137124017
2167,0.07584777660090565
2168,0.0600896119744687
2169,0.08737888542205892
2170,0.12658186008364855
2171,0.0444788388702105
2172,0.08336688730342144
2173,0.06248141067623503
2174,0.0785244867826187
2175,0.07968088557958633
2176,0.0767782642708262
2177,0.07135698594275523
2178,0.10255845983868112
2179,0.05660736274344986
2180,0.07434725391173069
2181,0.06587890003397534
2182,0.061162584093256304
2183,0.09532406520613697
2184,0.11941992731782118
2185,0.10409776758195681
2186,0.08541969529291821
2187,0.06247813496958481
2188,0.09045634026762783
2189,0.08516945345014333
2190,0.11008050708268645
2191,0.08503413365401108
2192,0.11019011861724788
2193,0.0884488164364996
2194,0.1234194641364836
2195,0.14203652030476338
2196,0.07390080549427754
2197,0.1454818524854853
2198,0.07510021533173487
2199,0.10219704401356648
2200,0.06676063279898671
2201,0.14897175411454108
2202,0.0939189187250704
2203,0.09994713760336353
2204,0.037676066758599386
2205,0.0703793529715199
2206,0.06444589694573259
2207,0.11114460334452772
2208,0.07303548520046105
2209,0.11605525104004179
2210,0.08089356950014642
2211,0.048421923092760534
2212,0.05600910921856783
2213,0.07625991497939523
2214,0.07607707796110444
2215,0.13825486312216897
2216,0.04969943154977089
2217,0.09077686762889405
2218,0.07338411715126196
2219,0.07966552345617878
2220,0.06758891194079496
2221,0.06387242710980044
2222,0.07183510227626194
2223,0.09048343051952168
2224,0.08266507651962368
2225,0.12000292446860225
2226,0.07203618849043694
2227,0.05370028881567925
2228,0.05078172069709765
2229,0.06226407759306134
2230,0.08120799293755034
2231,0.09235764338610591
2232,0.07312522858976897
2233,0.05737492849481128
2234,0.08613142209572132
2235,0.09675734952146006
2236,0.06635278276303723
2237,0.08511813155631694
2238,0.03899908062269911
2239,0.0470046322061473
2240,0.07214518849832313
2241,0.07568908901848405
2242,0.1073187930905107
2243,0.05036855028875502
2244,0.03608248194323427
2245,0.06891696584730864
2246,0.04841604793571607
2247,0.07917701289484175
2248,0.0652762827727608
2249,0.08354880761760043
2250,0.04654747053015932
2251,0.11153690810145656
2252,0.07149037582737298
2253,0.05702722408509826
2254,0.09092813678935191
2255,0.05635525698288314
2256,0.06449940522017389
2257,0.05242029182538856
2258,0.08513503145548305
2259,0.0619648197274036
2260,0.08874512829651139
2261,0.07162666316650394
2262,0.06683837821570646
2263,0.07123213451249794
2264,0.06650731876373013
2265,0.10766980816558903
2266,0.09555513579469536
2267,0.08494026885752821
2268,0.07587076168749106
2269,0.05785365819466999
2270,0.0925069977116708
2271,0.10964626181517206
2272,0.1888057082222324
2273,0.10464143490531379
2274,0.11381171269222874
2275,0.08629501222158771
2276,0.16150587039579517
2277,0.10377112310779243
2278,0.1328850232471322
2279,0.10485215983555767
2280,0.10234325371179397
2281,0.13779415946282994
2282,0.11148888469084212
2283,0.05454875371812336
2284,0.14110016454299973
2285,0.09505729310977926
2286,0.06324073052942039
2287,0.07364596771750707
2288,0.17239023363431566
2289,0.0682940808375492
2290,0.0731764391200556
2291,0.06325636197413471
2292,0.19660571308832445
2293,0.08958617985065535
2294,0.07990442474792572
2295,0.07376294054699585
2296,0.1058317861149551
2297,0.0854278288015196
2298,0.058855782844728505
2299,0.10830264649601613
2300,0.15357404713089773
2301,0.15626436818245448
2302,0.1361595852970044
2303,0.17478400238780623
2304,0.08817162122483412
2305,0.2507482856507697
2306,0.363788985875407
2307,0.29264829057229275
2308,0.18909753594621245
2309,0.20937406852069348
2310,0.19734008576475956
2311,0.2186486317011829
2312,0.18939819900063598
2313,0.13882933267873457
2314,0.16026642871640542
2315,0.1841101847725962
2316,0.1169532732600543
2317,0.12135222197268228
2318,0.2126479277353848
2319,0.18765159887835725
2320,0.06824927597532651
2321,0.24819289399878697
2322,0.2316257333117169
2323,0.1365681855889736
2324,0.32639683942960257
2325,0.14607135547151978
2326,0.14294873908156744
2327,0.12954031833819243
2328,0.1611437646722873
2329,0.16810481518411238
2330,0.2401239024778418
2331,0.29503963514099785
2332,0.23988265496218128
2333,0.12168530786953731
2334,0.1343955217860944
2335,0.2059031509756967
2336,0.1821655805711645
2337,0.24082119829500764
2338,0.3458962530397185
2339,0.20442879101405978
2340,0.22572976508672718
2341,0.3057156619979808
2342,0.2139851250557423
2343,0.19694985396250314
2344,0.17970757305930052
2345,0.33760189815778824
2346,0.20618339561854854
2347,0.2824603485780335
2348,0.31538617913708067
2349,0.28071036748926814
2350,0.20818280734291345
2351,0.21986015120271643
2352,0.23992390334957883
2353,0.14454144886728842
2354,0.11681817126867716
2355,0.14798050445692168
2356,0.34704057773659147
2357,0.15028453108387982
2358,0.20512158579303322
2359,0.20905729741256024
2360,0.19739615272386907
2361,0.23119683033089
2362,0.17870088317404362
2363,0.23346676663887425
2364,0.2653076348483103
2365,0.20784604797447673
2366,0.14268610834338177
2367,0.3264718403429709
2368,0.17344688218701615
2369,0.25906215743353483
2370,0.13351966593228956
2371,0.18788461863844247
2372,0.19591234654420026
2373,0.15843479392414178
2374,0.131544569803088
2375,0.0607835768912159
2376,0.08971012059954768
2377,0.10659255771644488
2378,0.12280436969414164
2379,0.15391763972663747
2380,0.1690569491017161
2381,0.06921411893351272
2382,0.07432006381711681
2383,0.1617911046882846
2384,0.13353039578099563
2385,0.16313227566344893
2386,0.10604236086814524
2387,0.23036143181111782
2388,0.06860807616103698
2389,0.13860054670000474
2390,0.09890588134856707
2391,0.09673004929036516
2392,0.12481821778406264
2393,0.16181405518602834
2394,0.1456357084195213
2395,0.17143124635017787
2396,0.11307009747107745
2397,0.18678398071977684
2398,0.226385446923083
2399,0.16071414039550475
2400,0.06004196108752466
2401,0.05816317578606597
2402,0.12415893324958968
2403,0.06657886283334942
2404,0.0758763986227986
2405,0.0918512229146449
2406,0.08142512319179365
2407,0.09645016412851289
2408,0.0798734654612387
2409,0.05399560570369809
2410,0.07016543792411974
2411,0.07947679433711775
2412,0.038007721835542796
2413,0.07046113187282473
2414,0.06399386241378972
2415,0.08510338516078668
2416,0.04249604835860231
2417,0.06225058644802192
2418,0.06599220189504912
2419,0.04232092094251397
2420,0.09576289980067404
2421,0.06986752133290636
2422,0.07087741825396086
2423,0.07087228972411563
2424,0.0547516322605227
2425,0.06771293076015598
2426,0.09277343300367452
2427,0.04367304025423557
2428,0.05941988653289218
2429,0.05165065108056587
2430,0.07558683898941472
2431,0.05990247353796847
2432,0.10916650123196907
2433,0.10347870975867653
2434,0.04673147279936565
2435,0.07801775787152103
2436,0.07318831857878037
2437,0.036377485743478336
2438,0.05539084275426602
2439,0.07237661587950937
2440,0.0585821215431531
2441,0.05781004514423492
2442,0.04548669853878924
2443,0.07908333223693538
2444,0.1024256845055798
2445,0.08369684483671144
2446,0.07474272402236898
2447,0.08077612545726312
2448,0.07129426164360558
2449,0.03606320701630393
2450,0.07113152172674443
2451,0.06662943145102357
2452,0.0759457303094457
2453,0.09737917219820842
2454,0.03678373954180917
2455,0.15303044820058728
2456,0.05905086053995547
2457,0.12359824368685172
2458,0.07596430092191137
2459,0.06824239735366257
2460,0.0738049498875378
2461,0.06194280054714365
2462,0.1357825087862854
2463,0.07468661346012986
2464,0.1266734623075977
2465,0.11412574081962469
2466,0.09726452168682816
2467,0.1624283162393075
2468,0.08396025174366763
2469,0.15461998037688457
2470,0.14566776638024728
2471,0.08578626654112309
2472,0.06752243455048476
2473,0.09383210586101633
2474,0.1702170640748047
2475,0.10439335815535856
2476,0.07995542321034063
2477,0.09026110114668522
2478,0.05794973969739766
2479,0.11237313621853787
2480,0.08658675251563548
2481,0.10068418342564496
2482,0.047142775154067444
2483,0.046596068328152024
2484,0.055000570782708105
2485,0.18870761463137045
2486,0.06867117853477492
2487,0.07862207971454475
2488,0.07133411014587633
2489,0.06972992727606438
2490,0.05460231100963043
2491,0.06946834170688579
2492,0.13930441903912677
2493,0.12296820111621655
2494,0.10214441834364561
2495,0.06191807389519991
2496,0.08988536651324636
2497,0.12952331387508975
2498,0.11046285311535894
2499,0.16688761448225312
2500,0.12537802882902635
2501,0.18481636715919175
2502,0.08897015366355158
2503,0.08897307703138907
2504,0.14677056714295456
2505,0.11786461751492912
2506,0.13883732225300255
2507,0.08045426862132957
2508,0.1419224384197018
2509,0.06706575408278494
2510,0.10523169732242414
2511,0.09610556946176052
2512,0.16953206906825757
2513,0.05706971930691892
2514,0.1520397127765787
2515,0.29425857085673485
2516,0.1589954893848937
2517,0.12563685062653476
2518,0.17074218968538982
2519,0.11777813294778273
2520,0.12736409005788946
2521,0.1298526701038039
2522,0.3564945649189466
2523,0.18718215672473187
2524,0.20753304865854563
2525,0.17145569717472195
2526,0.18284941165275787
2527,0.13815348275766506
2528,0.11413933732456853
2529,0.20396251259021042
2530,0.09980654792109926
2531,0.11638144270793414
2532,0.10478209826036022
2533,0.11177333648936272
2534,0.1219185744337453
2535,0.16284191105667328
2536,0.08578857081579337
2537,0.16219342028467476
2538,0.10739633444103826
2539,0.07083553417894425
2540,0.13892507987890135
2541,0.0999293792254485
2542,0.1303606926649381
2543,0.16230960504831826
2544,0.16097126143476712
2545,0.1447885270001784
2546,0.14698863593859088
2547,0.0637679053123871
2548,0.1322508249823057
2549,0.10479459761644572
2550,0.059854506038116
2551,0.06268963022760056
2552,0.08417718335324145
2553,0.1324487527930263
2554,0.08168125265547406
2555,0.07834689675551107
2556,0.14786075603305665
2557,0.060897118003575994
2558,0.1364167571151656
2559,0.130629376841945
2560,0.1305072153967204
2561,0.1508982461072071
2562,0.10341483290490655
2563,0.1677650492310818
2564,0.06027305256819
2565,0.14396597683374432
2566,0.10638272748615055
2567,0.08599630826758801
2568,0.08120677480114714
2569,0.09537379909160887
2570,0.06987670210941954
2571,0.06415911114222587
2572,0.0342184177932364
2573,0.15796752076802487
2574,0.07174947258891361
2575,0.1131206463741595
2576,0.09757338315695492
2577,0.07593249905223173
2578,0.07563705637771524
2579,0.061145929833004105
2580,0.09216677240854634
2581,0.06615805512335687
2582,0.09829820838309616
2583,0.07418332829508353
2584,0.09044241902592128
2585,0.21209457121967612
2586,0.07872437639277317
2587,0.0697611815495175
2588,0.09416948135363334
2589,0.08651454453727633
2590,0.07717161919198039
2591,0.0855618676114258
2592,0.10123328108008857
2593,0.1123525488363717
2594,0.10338771139420502
2595,0.1079772859370132
2596,0.0826646272628392
2597,0.13680696177531124
2598,0.06901882422425738
2599,0.1375109134992894
2600,0.0880414383369348
2601,0.09974855952607221
2602,0.09505239649494396
2603,0.17889278205134396
2604,0.08100918306349823
2605,0.0946787207255345
2606,0.15900388200413576
2607,0.09986975454178319
2608,0.0748232531338497
2609,0.10368405448448645
2610,0.12554309199060246
2611,0.0964090642536845
2612,0.12398667043755705
2613,0.08039856938884808
2614,0.08248910281421802
2615,0.12283343844924104
2616,0.10430227786131606
2617,0.0809742170183419
2618,0.08740703882213091
2619,0.10008240758853863
2620,0.1364051020958649
2621,0.04811707874189233
2622,0.07538805535998143
2623,0.1646348082204945
2624,0.05416542631374868
2625,0.06486954161178192
2626,0.11316574511792596
2627,0.06506037667130313
2628,0.07840129471977941
2629,0.08291488120159932
2630,0.07534729261494516
2631,0.07728152543714423
2632,0.12555680310211886
2633,0.10407885037084764
2634,0.0977987675766796
2635,0.1606504002694691
2636,0.08569147903777437
2637,0.05974522971976744
2638,0.09488249575292194
2639,0.11816719542184093
2640,0.09074460912296768
2641,0.08108729811425514
2642,0.15020370267467842
2643,0.11358603176028499
2644,0.1136066327505679
2645,0.10669799011153973
2646,0.11037357604362641
2647,0.19296562973444953
2648,0.0941393110829734
2649,0.07613246548562468
2650,0.10874223377904538
2651,0.1693065629408409
2652,0.21687396360035002
2653,0.0757827782321518
2654,0.09053781967554503
2655,0.09067660939505709
2656,0.047869286841167695
2657,0.14739889454175026
2658,0.1369473767188689
2659,0.06610313327631091
2660,0.06026810525700911
2661,0.060611430332449895
2662,0.10026249691172864
2663,0.056329321555789735
2664,0.11916822186085665
2665,0.09121998468129126
2666,0.10520876024528955
2667,0.07111399924405032
2668,0.10239655458799485
2669,0.11735976740653573
2670,0.07742551816838139
2671,0.1345340873934096
2672,0.07177692224620356
2673,0.04939378736001971
2674,0.10895708916193649
2675,0.07325912788142004
2676,0.10454403668475588
2677,0.09293132605982218
2678,0.08965938829982764
2679,0.06727608469627275
2680,0.08971962098755867
2681,0.08389389166665778
2682,0.10899894226856215
2683,0.05579978569064678
2684,0.052513176349482445
2685,0.10155545260193803
2686,0.12024698765089423
2687,0.10255813908393317
2688,0.04969656621673194
2689,0.2281517001604975
2690,0.3234792297011216
2691,0.08210717292548071
2692,0.09245751319493582
2693,0.15713692449854377
2694,0.05403094334055396
2695,0.09838037645132557
2696,0.12341726905643692
2697,0.07391191429488561
2698,0.0929998650412554
2699,0.07946589874218593
2700,0.12033123289106845
2701,0.1655444849716338
2702,0.06826248368813861
2703,0.13694386779140943
2704,0.13342243735183995
2705,0.08771461074644932
2706,0.04304325128463599
2707,0.096118282021965
2708,0.10180896638677796
2709,0.09883764893815984
2710,0.10666294117599387
2711,0.0586572423003322
2712,0.095527632216612
2713,0.07972720403073857
2714,0.08305713445339559
2715,0.09751516157509346
2716,0.07356256147127267
2717,0.05769862791410728
2718,0.12235828242141776
2719,0.08480035022641091
2720,0.09461933740583751
2721,0.08669582441583311
2722,0.09567530715315159
2723,0.10805801029143632
2724,0.09746720385455696
2725,0.10175708337779893
2726,0.1248943988965903
2727,0.09839164488899065
2728,0.13999545944272823
2729,0.13057917864343258
2730,0.12299552417501378
2731,0.10680726793789648
2732,0.1251530423991058
2733,0.04746097771385394
2734,0.09026185982137423
2735,0.18380792793350625
2736,0.16173306149734074
2737,0.14403718989719413
2738,0.11485147295164076
2739,0.12067425465911857
2740,0.11022532336423968
2741,0.09139791684928569
2742,0.12217090599318353
2743,0.09386482129002054
2744,0.0952674316866284
2745,0.15292839842939152
2746,0.08411409452421052
2747,0.09734146999086168
2748,0.12255150887386566
2749,0.12007121640054533
2750,0.13445329157038163
2751,0.06668288092989141
2752,0.09022891018187712
2753,0.07908789364687523
2754,0.08724360738462981
2755,0.11617436995019931
2756,0.08105509559236704
2757,0.0615783062538746
2758,0.1104576266786992
2759,0.07953884310607275
2760,0.22488380528505422
2761,0.1495875647196126
2762,0.13544044338279268
2763,0.08019193589974798
2764,0.10619697972421678
2765,0.17657714037463484
2766,0.11413267131240584
2767,0.0814759322221596
2768,0.05577993459228707
2769,0.07798258595229417
2770,0.06345524425472335
2771,0.05548950957946979
2772,0.08252463643472749
2773,0.14852751036845108
2774,0.1464449015023339
2775,0.09686598506691463
2776,0.078098343552667
2777,0.060841109020767226
2778,0.11885572650775951
2779,0.08525158718231536
2780,0.09769880524418215
2781,0.12355627854809054
2782,0.17060871340039913
2783,0.15992559258215291
2784,0.15914107301651376
2785,0.1866217499292063
2786,0.07308561739913014
2787,0.35130381123997184
2788,0.14109313406690582
2789,0.08695937366192007
2790,0.13940646169436838
2791,0.103691606949573
2792,0.11185333502172366
2793,0.12001569614853466
2794,0.19140943087534457
2795,0.09496501931769258
2796,0.18077136184813256
2797,0.12042055369228014
2798,0.13167251462044002
2799,0.131509734430948
2800,0.07102305002277944
2801,0.11808447850320573
2802,0.1295334399793097
2803,0.21620787395204563
2804,0.21973999800578894
2805,0.1548111349880651
2806,0.15088232504708382
2807,0.10625619045824007
2808,0.15177032785856995
2809,0.1065305344442981
2810,0.13436673024349338
2811,0.09036909968171407
2812,0.12429500260663899
2813,0.24596704365661695
2814,0.10395248297297173
2815,0.08256536427709828
2816,0.19730421262452566
2817,0.12395191834672808
2818,0.09473839072048894
2819,0.2102094836134231
2820,0.07192537495304684
2821,0.0818847060586261
2822,0.15479865757975295
2823,0.17010354005414277
2824,0.042984541156206826
2825,0.09902254464875229
2826,0.2524946839497917
2827,0.12897038865387556
2828,0.18419582756681438
2829,0.152945104983842
2830,0.1529514745169167
2831,0.1268781741702857
2832,0.11302695713477853
2833,0.13708103110935543
2834,0.2546689094636792
2835,0.14980479253939932
2836,0.2014224606581663
2837,0.16455711074174578
2838,0.11404312726952258
2839,0.17868863783965466
2840,0.11228499558348877
2841,0.09395255175200129
2842,0.12365352829281082
2843,0.17165708456673467
2844,0.25939818160672246
2845,0.1039661828707415
2846,0.3031221665623934
2847,0.12988519891237654
2848,0.23221010430949135
2849,0.14414047037568584
2850,0.3010598526876243
2851,0.13674210563914208
2852,0.17472057293724133
2853,0.2770381711865912
2854,0.3388737565935875
2855,0.19164459076357404
2856,0.3439226190602253
2857,0.3556896599042162
2858,0.23032231734835534
2859,0.34062455053212837
2860,0.17294184967843318
2861,0.2097140196973301
2862,0.18012205828632188
2863,0.19427411240220718
2864,0.2356559974448775
2865,0.13798346129625655
2866,0.15518788834458402
2867,0.21612066461115395
2868,0.15055671910232432
2869,0.1717569370836222
2870,0.11979641155982575
2871,0.10104923216882654
2872,0.10912100625449019
2873,0.10020228904877325
2874,0.14477504231309668
2875,0.2214673476913159
2876,0.24337216446156504
2877,0.2275915230796656
2878,0.1941064874398611
2879,0.24819962587664465
2880,0.18601131610389335
2881,0.16017451347764297
2882,0.16239888459684257
2883,0.17975297673142238
2884,0.17847284669316285
2885,0.17607102967351748
2886,0.2002394882035294
2887,0.18123905547636107
2888,0.1444669855376228
2889,0.16401794483278892
2890,0.16231025149334086
2891,0.17359099961880473
2892,0.14291907038654675
