{
	"GETH_RPC_URL":"http://10.38.132.33:8545",
	"CONTRACT_CNS_ADDRESS":"0x4038ee4fb480ad89dea06f34f9b76bff4dcc4017",
	"CONTRACT_GAS":4700001,
	"NEO4J_URL":"bolt://10.38.132.34:7687",
	"UPLOAD_URL":"http://irbookp2p-env.prw2xfpatf.us-east-2.elasticbeanstalk.com/?params=account=",
	"DOWNLOAD_BOOK_URL":"http://irbookp2p-env.prw2xfpatf.us-east-2.elasticbeanstalk.com/addBook/?account=",
    "SEARCH_BOOK_URL":"http://irbookp2p-env.prw2xfpatf.us-east-2.elasticbeanstalk.com/searchBookQuery/?searchKey=",
    "DOWNLOAD_TRN_URL":"http://irbookp2p-env.prw2xfpatf.us-east-2.elasticbeanstalk.com/doTrn/?account=",
    "CONTRACT_CNS_ABI":[{"constant":true,"inputs":[{"name":"_contractName","type":"bytes32"}],"name":"getContractCurrentAddress","outputs":[{"name":"","type":"address"}],"payable":false,"stateMutability":"view","type":"function"},{"constant":true,"inputs":[{"name":"_name","type":"bytes32"},{"name":"_version","type":"uint256"}],"name":"getContract","outputs":[{"name":"","type":"address"}],"payable":false,"stateMutability":"view","type":"function"},{"constant":true,"inputs":[{"name":"_contractName","type":"bytes32"}],"name":"getLatestVersion","outputs":[{"name":"","type":"uint256"}],"payable":false,"stateMutability":"view","type":"function"},{"constant":false,"inputs":[{"name":"_contractName","type":"bytes32"},{"name":"_newContractAddress","type":"address"}],"name":"createNewContract","outputs":[],"payable":false,"stateMutability":"nonpayable","type":"function"}],
    "CONTRACT_BOOKLOGIC_ABI":[{"constant":true,"inputs":[{"name":"_bookId","type":"uint256"}],"name":"bookInfoById","outputs":[{"name":"bookInfoBytes","type":"bytes32[7]"}],"payable":false,"type":"function"},{"constant":true,"inputs":[{"name":"_startRightIndex","type":"uint256"}],"name":"myBookListDesc","outputs":[{"name":"myBookList","type":"bytes32[7][5]"}],"payable":false,"type":"function"},{"constant":true,"inputs":[{"name":"_isbn","type":"bytes32"},{"name":"_startRightIndex","type":"uint256"}],"name":"searchBookListByIsbnDesc","outputs":[{"name":"bookList","type":"bytes32[7][5]"}],"payable":false,"type":"function"},{"constant":true,"inputs":[{"name":"_startIndex","type":"uint256"}],"name":"myBookListAsc","outputs":[{"name":"myBookList","type":"bytes32[7][5]"}],"payable":false,"type":"function"},{"constant":false,"inputs":[{"name":"_isbn","type":"bytes32"},{"name":"_hashFirst","type":"bytes32"},{"name":"_hashSecond","type":"bytes32"}],"name":"addBookInfo","outputs":[{"name":"result","type":"bool"}],"payable":false,"type":"function"},{"constant":true,"inputs":[],"name":"myBookList","outputs":[{"name":"myBookList","type":"bytes32[7][5]"}],"payable":false,"type":"function"},{"constant":true,"inputs":[{"name":"_startIndex","type":"uint256"}],"name":"allBookList","outputs":[{"name":"allBookList","type":"bytes32[7][5]"}],"payable":false,"type":"function"},{"constant":true,"inputs":[{"name":"_isbn","type":"bytes32"}],"name":"getIsbnIndexListLength","outputs":[{"name":"length","type":"uint256"}],"payable":false,"type":"function"},{"constant":false,"inputs":[{"name":"_bookId","type":"uint256"}],"name":"deleteBookInfo","outputs":[{"name":"result","type":"bool"}],"payable":false,"type":"function"},{"inputs":[{"name":"_cnsAddress","type":"address"}],"payable":false,"type":"constructor"}],
    "CONTRACT_USERLOGIC_ABI":[{"constant":false,"inputs":[{"name":"_hashFirst","type":"bytes32"},{"name":"_hashSecond","type":"bytes32"}],"name":"registMyUserInfo","outputs":[{"name":"result","type":"bool"}],"payable":false,"type":"function"},{"constant":true,"inputs":[],"name":"myUserInfo","outputs":[{"name":"userInfoBytes","type":"bytes32[4]"}],"payable":false,"type":"function"},{"constant":false,"inputs":[],"name":"deleteMyUserInfo","outputs":[{"name":"result","type":"bool"}],"payable":false,"type":"function"},{"constant":true,"inputs":[{"name":"_userAddress","type":"address"}],"name":"userInfoByAddress","outputs":[{"name":"userInfoBytes","type":"bytes32[4]"}],"payable":false,"type":"function"},{"constant":false,"inputs":[{"name":"_hashFirst","type":"bytes32"},{"name":"_hashSecond","type":"bytes32"}],"name":"updateMyUserInfo","outputs":[{"name":"result","type":"bool"}],"payable":false,"type":"function"},{"inputs":[{"name":"_cnsAddress","type":"address"}],"payable":false,"type":"constructor"}],
    "CONTRACT_TRANSACTIONLOGIC_ABI": [{"constant":false,"inputs":[{"name":"_rentalId","type":"uint256"}],"name":"startRental","outputs":[{"name":"result","type":"bool"}],"payable":false,"type":"function"},{"constant":true,"inputs":[{"name":"_startRightIndex","type":"uint256"}],"name":"myRequestListDesc","outputs":[{"name":"myRequestList","type":"bytes32[7][5]"}],"payable":false,"type":"function"},{"constant":true,"inputs":[{"name":"_startRightIndex","type":"uint256"}],"name":"myRentalListDesc","outputs":[{"name":"myRentalList","type":"bytes32[6][5]"}],"payable":false,"type":"function"},{"constant":true,"inputs":[],"name":"myRentalList","outputs":[{"name":"myRentalList","type":"bytes32[6][5]"}],"payable":false,"type":"function"},{"constant":true,"inputs":[],"name":"myRequestNum","outputs":[{"name":"num","type":"uint256"}],"payable":false,"type":"function"},{"constant":false,"inputs":[{"name":"_rentalId","type":"uint256"}],"name":"endRental","outputs":[{"name":"result","type":"bool"}],"payable":false,"type":"function"},{"constant":true,"inputs":[],"name":"myRequestList","outputs":[{"name":"myRequestList","type":"bytes32[7][5]"}],"payable":false,"type":"function"},{"constant":false,"inputs":[{"name":"_requestId","type":"uint256"},{"name":"_reply","type":"bool"}],"name":"replyRental","outputs":[{"name":"result","type":"bool"}],"payable":false,"type":"function"},{"constant":false,"inputs":[{"name":"_bookId","type":"uint256"}],"name":"requestRental","outputs":[{"name":"result","type":"bool"}],"payable":false,"type":"function"},{"constant":true,"inputs":[],"name":"myRentalNum","outputs":[{"name":"num","type":"uint256"}],"payable":false,"type":"function"},{"inputs":[{"name":"_cnsAddress","type":"address"}],"payable":false,"type":"constructor"}]
}
